{"cameraMode":{"drawMode":0,"name":"Shaded","section":"Shading Mode"},"sceneLighting":false,"audioPlay":false,"sceneViewState":{"showFog":true,"showMaterialUpdate":false,"showSkybox":false,"showFlares":true,"showImageEffects":true,"showParticleSystems":true,"showVisualEffectGraphs":true,"m_FxEnabled":true},"in2DMode":false,"pivot":{"x":0.21170814335346223,"y":1.176174283027649,"z":-1.8616341352462769},"rotation":{"x":0.18596115708351136,"y":-0.7151483297348023,"z":0.20745432376861573,"w":0.6411758065223694},"size":0.7243863344192505,"orthographic":false}